{"train_loss": 1.4598891735076904, "_timestamp": 1695207704.0346353, "_runtime": 1994.6835713386536, "_step": 5100, "epoch_time": 301.72609972953796, "dev_loss": 0.0007927607512101531, "dev_acc": 0.848832905292511, "_wandb": {"runtime": 1994}}